S_CODE,S_CITY,E_CODE,E_CITY,COUPON,NEW,VACATION,SW,HI,S_INCOME,E_INCOME,S_POP,E_POP,SLOT,GATE,DISTANCE,PAX,FARE
*,Albuquerque NM,*,Dallas/Fort Worth TX,1.02,3,No,1,0.52223,22089,28637,668159,3036732,0,Free,573,10941,84.46
*,Albuquerque NM,*,Las Vegas NV,1.08,0,Yes,1,0.764173,22089,24575,668159,1197234,0,Free,479,7170,72.43
*,Albuquerque NM,*,Los Angeles CA,1.09,3,No,1,0.493572,22089,24706,668159,9056076,0,Free,673,11980,76.79
*,Albuquerque NM,EWR,New York/Newark NY,1.92,3,No,0,0.194017,22089,32991,668159,8621121,0,Constrained,1822,4002,208.79
*,Albuquerque NM,JFK,New York/Newark NY,1.92,3,No,0,0.194017,22089,32991,668159,8621121,1,Free,1822,4002,208.79
*,Albuquerque NM,LGA,New York/Newark NY,1.92,3,No,0,0.194017,22089,32991,668159,8621121,1,free,1822,4002,208.79
*,Albuquerque NM,*,Phoenix AZ,1,3,No,1,0.636224,22089,23025,668159,2753373,0,Free,327,13947,57.05
*,Albuquerque NM,DCA,Washington DC,1.89,3,No,0,0.222574,22089,31981,668159,4549784,1,free,1643,3740,215.57
*,Albuquerque NM,IAD,Washington DC,1.89,3,No,0,0.222574,22089,31981,668159,4549784,0,free,1643,3740,215.57
*,Anchorage AK,*,Seattle/Tacoma WA,1.02,3,No,0,0.637259,28690,30916,249642,2230831,0,Free,1443,14474,142.83
*,Atlanta GA,*,Baltimore/Wash Intl MD,1.06,3,No,0,0.541916,26993,29838,3532657,7145897,0,free,576,8820,174.47
*,Atlanta GA,*,Boston MA,1.25,3,No,0,0.573634,26993,30124,3532657,5787293,0,Free,939,14005,210
*,Atlanta GA,*,Charlotte NC,1.01,3,No,0,0.443592,26993,25237,3532657,1318892,0,Constrained,227,7335,97.96
*,Atlanta GA,MDW,Chicago IL,1.04,3,No,0,0.271237,26993,29260,3532657,7830332,0,Free,595,30877,106.6
*,Atlanta GA,ORD,Chicago IL,1.04,3,No,0,0.271237,26993,29260,3532657,7830332,1,free,595,30877,106.6
*,Atlanta GA,*,Cincinnati OH,1.16,3,No,0,0.935013,26993,25059,3532657,1595139,0,Constrained,371,3892,215.83
*,Atlanta GA,*,Cleveland OH,1.12,3,No,0,0.447887,26993,26046,3532657,2915745,0,Free,561,4821,197.1
*,Atlanta GA,*,Columbus OH,1.13,3,No,0,0.535651,26993,24502,3532657,1442203,0,Free,445,6075,113.2
*,Atlanta GA,*,Dallas/Fort Worth TX,1.05,3,No,0,0.46249,26993,28637,3532657,3036732,0,Free,734,23075,113.99
*,Atlanta GA,*,Denver CO,1.23,3,No,0,0.420266,26993,29055,3532657,1862106,0,Free,1200,7621,210.9
*,Atlanta GA,*,Detroit MI,1.05,3,No,0,0.431295,26993,26506,3532657,4459144,0,Constrained,600,12752,106.56
*,Atlanta GA,*,Fort Lauderdale FL,1.02,3,Yes,0,0.703227,26993,26752,3532657,1440377,0,Free,578,11425,105.1
*,Atlanta GA,*,Hartford CT,1.34,3,No,0,0.513741,26993,30268,3532657,1106780,0,Free,854,5806,175.81
*,Atlanta GA,*,Houston TX,1.19,3,No,0,0.44688,26993,27211,3532657,3770125,0,Free,701,7201,233.16
*,Atlanta GA,*,Indianapolis IN,1.12,3,No,0,0.518013,26993,25475,3532657,1489247,0,free,430,5378,109.78
*,Atlanta GA,*,Jacksonville FL,1,3,Yes,0,0.596375,26993,23614,3532657,1008768,0,free,280,8571,87.59
*,Atlanta GA,*,Kansas City MO,1.11,0,No,0,0.672201,26993,25450,3532657,1694803,0,free,685,6426,116.18
*,Atlanta GA,*,Las Vegas NV,1.44,3,Yes,0,0.411244,26993,24575,3532657,1197234,0,Free,1744,7881,143.62
*,Atlanta GA,*,Los Angeles CA,1.38,3,No,0,0.546598,26993,24706,3532657,9056076,0,Free,1946,13365,225.56
*,Atlanta GA,*,Louisville KY,1.04,3,No,0,0.545085,26993,24307,3532657,989164,0,free,320,4562,101.68
*,Atlanta GA,*,Memphis TN,1.01,3,No,0,0.498883,26993,24725,3532657,1074558,0,Free,331,10255,70.62
*,Atlanta GA,*,Miami FL,1.01,1,Yes,0,0.434335,26993,21207,3532657,2105604,0,free,595,14119,97.93
*,Atlanta GA,*,Minneapolis/St Paul MN,1.17,3,No,0,0.431766,26993,28739,3532657,2761118,0,Constrained,904,5578,269.43
*,Atlanta GA,*,New Orleans LA,1.02,3,No,0,0.626975,26993,22038,3532657,1308499,0,Free,419,7796,120.7
*,Atlanta GA,EWR,New York/Newark NY,1.06,3,No,0,0.459338,26993,32991,3532657,8621121,0,Constrained,756,48642,162.28
*,Atlanta GA,JFK,New York/Newark NY,1.06,3,No,0,0.459338,26993,32991,3532657,8621121,1,Free,756,48642,162.28
*,Atlanta GA,LGA,New York/Newark NY,1.06,3,No,0,0.459338,26993,32991,3532657,8621121,1,Free,756,48642,162.28
*,Atlanta GA,*,Orlando FL,1.01,3,Yes,0,0.458103,26993,22360,3532657,1421287,0,Free,404,18673,92.78
*,Atlanta GA,*,Philadelphia/Camden PA,1.06,3,No,0,0.424847,26993,27994,3532657,4948339,0,Free,674,16512,125.09
*,Atlanta GA,*,Phoenix AZ,1.25,3,No,0,0.427535,26993,23025,3532657,2753373,0,Free,1591,5944,200.09
*,Atlanta GA,*,Pittsburgh PA,1.04,3,No,0,0.421501,26993,25054,3532657,2374260,0,Constrained,525,7664,93.55
*,Atlanta GA,*,Raleigh/Durham NC,1.03,3,No,0,0.704611,26993,26101,3532657,1021830,0,free,356,9307,123.44
*,Atlanta GA,*,Salt Lake City UT,1.46,3,No,0,0.674912,26993,21121,3532657,1228816,0,free,1588,4644,179.13
*,Atlanta GA,*,San Diego CA,1.44,3,No,0,0.501188,26993,23903,3532657,2673620,0,free,1886,4445,204.35
*,Atlanta GA,*,San Francisco CA,1.36,3,No,0,0.54926,26993,38813,3532657,1653017,0,free,2137,10112,248.49
*,Atlanta GA,*,Seattle/Tacoma WA,1.47,3,No,0,0.509058,26993,30916,3532657,2230831,0,free,2182,6124,200.2
*,Atlanta GA,*,St Louis MO,1.07,3,No,0,0.4636,26993,25824,3532657,2549844,0,Free,471,5303,199.8
*,Atlanta GA,*,Tampa FL,1.01,3,Yes,0,0.489184,26993,23654,3532657,2195215,0,Free,414,17437,87.35
*,Atlanta GA,DCA,Washington DC,1.12,3,No,0,0.633403,26993,31981,3532657,4549784,1,free,539,23531,166.67
*,Atlanta GA,IAD,Washington DC,1.12,3,No,0,0.633403,26993,31981,3532657,4549784,0,Free,539,23531,166.67
*,Atlanta GA,*,West Palm Beach FL,1.01,3,Yes,0,0.601766,26993,37375,3532657,991717,0,Free,546,7788,104.11
*,Austin TX,MDW,Chicago IL,1.25,3,No,1,0.441716,23665,29260,1038660,7830332,0,Free,974,4980,136.27
*,Austin TX,ORD,Chicago IL,1.25,3,No,1,0.441716,23665,29260,1038660,7830332,1,free,974,4980,136.27
*,Austin TX,*,Dallas/Fort Worth TX,1,3,No,1,0.550233,23665,28637,1038660,3036732,0,Free,184,18843,67.17
*,Austin TX,*,Houston TX,1,3,No,1,0.626939,23665,27211,1038660,3770125,0,free,138,9874,67.1
*,Austin TX,*,Las Vegas NV,1.35,3,Yes,1,0.375725,23665,24575,1038660,1197234,0,Free,1087,5738,80.31
*,Austin TX,EWR,New York/Newark NY,1.69,3,No,0,0.344763,23665,32991,1038660,8621121,0,Constrained,1515,3802,287.23
*,Austin TX,JFK,New York/Newark NY,1.69,3,No,0,0.344763,23665,32991,1038660,8621121,1,Free,1515,3802,287.23
*,Austin TX,LGA,New York/Newark NY,1.69,3,No,0,0.344763,23665,32991,1038660,8621121,1,Free,1515,3802,287.23
*,Austin TX,*,Phoenix AZ,1.1,3,No,1,0.425209,23665,23025,1038660,2753373,0,Free,876,4511,105.41
*,Austin TX,*,San Jose CA,1.17,3,No,1,0.726265,23665,34880,1038660,1594251,0,free,1473,4071,200.41
*,Baltimore/Wash Intl MD,*,Louisville KY,1.13,3,No,1,0.465518,29838,24307,29838,989164,0,free,495,6218,60.26
*,Baltimore/Wash Intl MD,*,Providence RI,1.11,2,No,0,0.912966,29838,24205,29838,905329,0,free,328,1504,176.88
*,Boise ID,*,Portland OR,1.01,1,No,1,0.431592,23901,26409,372606,249561,0,free,344,5899,66.88
*,Boston MA,*,Baltimore/Wash Intl MD,1.06,3,No,0,0.918528,30124,29838,5787293,7145897,0,Free,364,6452,207.76
*,Boston MA,*,Charlotte NC,1.25,3,No,0,0.858917,30124,25237,5787293,1318892,0,Constrained,722,3263,237.8
*,Boston MA,MDW,Chicago IL,1.15,3,No,0,0.397723,30124,29260,5787293,7830332,0,Free,854,20718,230.87
*,Boston MA,ORD,Chicago IL,1.15,1,No,0,0.397723,30124,29260,5787293,7830332,1,free,854,20718,230.87
*,Boston MA,*,Columbus OH,1.22,3,No,0,0.378964,30124,24502,5787293,1442203,0,free,633,4758,143.59
*,Boston MA,*,Dallas/Fort Worth TX,1.19,3,No,0,0.560506,30124,28637,5787293,3036732,0,Free,1559,8756,320.37
*,Boston MA,*,Denver CO,1.35,3,No,0,0.614091,30124,29055,5787293,1862106,0,Free,1755,5820,311.46
*,Boston MA,*,Detroit MI,1.06,3,No,0,0.816277,30124,26506,5787293,4459144,0,Constrained,616,10358,110.42
*,Boston MA,*,Fort Lauderdale FL,1.27,3,Yes,0,0.268254,30124,26752,5787293,1440377,0,free,1229,10483,121.09
*,Boston MA,*,Fort Meyers FL,1.47,3,Yes,0,0.256552,30124,26752,5787293,379566,0,free,1245,6390,126.62
*,Boston MA,*,Houston TX,1.41,3,No,0,0.549726,30124,27211,5787293,3770125,0,free,1605,4272,349.97
*,Boston MA,*,Las Vegas NV,1.49,3,Yes,0,0.183395,30124,24575,5787293,1197234,0,free,2372,10235,133.35
*,Boston MA,*,Los Angeles CA,1.35,3,No,0,0.290244,30124,24706,5787293,9056076,0,free,2605,14737,301.79
*,Boston MA,*,Miami FL,1.24,3,Yes,0,0.413335,30124,21207,5787293,2105604,0,Free,1259,7322,158.5
*,Boston MA,*,Minneapolis/St Paul MN,1.18,3,No,0,0.770288,30124,28739,5787293,2761118,0,Constrained,1114,7276,258.85
*,Boston MA,EWR,New York/Newark NY,1,3,No,0,0.285033,30124,32991,5787293,8621121,0,Constrained,183,66820,116.78
*,Boston MA,JFK,New York/Newark NY,1,3,No,0,0.285033,30124,32991,5787293,8621121,1,Free,183,66820,116.78
*,Boston MA,LGA,New York/Newark NY,1,3,No,0,0.285033,30124,32991,5787293,8621121,1,Free,183,66820,116.78
*,Boston MA,*,Orlando FL,1.24,3,Yes,0,0.312335,30124,22360,5787293,1421287,0,Free,1119,23222,117.97
*,Boston MA,*,Philadelphia/Camden PA,1.02,0,No,0,0.964901,30124,27994,5787293,4948339,0,Free,265,17196,138.56
*,Boston MA,*,Phoenix AZ,1.7,3,No,0,0.17109,30124,23025,5787293,2753373,0,Free,2295,7130,197.42
*,Boston MA,*,Pittsburgh PA,1.1,3,No,0,0.917483,30124,25054,5787293,2374260,0,Constrained,483,5539,186.28
*,Boston MA,*,Raleigh/Durham NC,1.26,3,No,0,0.454283,30124,26101,5787293,1021830,0,Free,606,5598,140.07
*,Boston MA,*,San Diego CA,1.94,3,No,0,0.18883,30124,23903,5787293,2673620,0,Free,2576,3987,291.51
*,Boston MA,*,San Francisco CA,1.39,3,No,0,0.555943,30124,38813,5787293,1653017,0,free,2694,16050,367.72
*,Boston MA,*,San Jose CA,1.53,3,No,0,0.515547,30124,34880,5787293,1594251,0,Free,2682,3677,402.02
*,Boston MA,*,Seattle/Tacoma WA,1.59,3,No,0,0.270503,30124,30916,5787293,2230831,0,free,2489,4560,297.61
*,Boston MA,*,Tampa FL,1.27,3,Yes,0,0.298262,30124,23654,5787293,2195215,0,free,1183,10673,124.82
*,Boston MA,DCA,Washington DC,1.04,3,No,0,0.548329,30124,31981,5787293,4549784,1,free,400,37715,132.79
*,Boston MA,IAD,Washington DC,1.04,3,No,0,0.548329,30124,31981,5787293,4549784,0,free,400,37715,132.79
*,Boston MA,*,West Palm Beach FL,1.32,3,Yes,0,0.477166,30124,37375,5787293,991717,0,free,1193,8170,127.83
*,Burbank CA,*,Las Vegas NV,1,3,Yes,1,0.959299,24706,24575,9056076,1197234,0,free,226,16845,52.92
*,Burbank CA,*,Oakland CA,1,3,No,1,0.879573,24706,29846,9056076,2237227,0,Free,325,23041,56.43
*,Burbank CA,*,Phoenix AZ,1,3,No,1,0.526672,24706,23025,9056076,2753373,0,free,363,10529,57.33
*,Burbank CA,*,Sacramento CA,1.01,3,No,1,0.981956,24706,24236,9056076,1481076,0,Free,349,15444,52.53
*,Burbank CA,*,San Francisco CA,1,3,No,0,0.997849,24706,38813,9056076,1653017,0,free,332,14363,83.74
*,Burbank CA,*,San Jose CA,1,3,No,1,0.998632,24706,34880,9056076,1594251,0,Free,296,10770,59.8
*,Burbank CA,*,Seattle/Tacoma WA,1.11,3,No,1,0.603976,24706,30916,9056076,2230831,0,Free,943,5638,97.46
MDW,Chicago IL,*,Baltimore/Wash Intl MD,1.06,3,No,1,0.265735,29260,29838,7830332,7145897,0,free,612,25144,85.47
ORD,Chicago IL,*,Baltimore/Wash Intl MD,1.06,3,No,1,0.265735,29260,29838,7830332,7145897,1,Free,612,25144,85.47
MDW,Chicago IL,*,Birmingham AL,1.16,3,No,1,0.362746,29260,23858,7830332,895414,0,Free,576,4138,113.5
ORD,Chicago IL,*,Birmingham AL,1.16,3,No,1,0.362746,29260,23858,7830332,895414,1,Free,576,4138,113.5
MDW,Chicago IL,*,Charlotte NC,1.16,3,No,0,0.452331,29260,25237,7830332,1318892,0,Constrained,589,5153,234.15
ORD,Chicago IL,*,Charlotte NC,1.16,3,No,0,0.452331,29260,25237,7830332,1318892,1,Constrained,589,5153,234.15
MDW,Chicago IL,*,Cleveland OH,1.01,1,No,1,0.280091,29260,26046,7830332,2915745,0,Free,316,24405,69.1
ORD,Chicago IL,*,Cleveland OH,1.01,3,No,1,0.280091,29260,26046,7830332,2915745,1,free,316,24405,69.1
MDW,Chicago IL,*,Columbus OH,1.01,0,No,1,0.26682,29260,24502,7830332,1442203,0,free,286,14516,75.07
ORD,Chicago IL,*,Columbus OH,1.01,3,No,1,0.26682,29260,24502,7830332,1442203,1,free,286,14516,75.07
MDW,Chicago IL,*,Dallas/Fort Worth TX,1.14,3,No,0,0.620597,29260,28637,7830332,3036732,0,Free,805,20264,244.5
ORD,Chicago IL,*,Dallas/Fort Worth TX,1.14,3,No,0,0.620597,29260,28637,7830332,3036732,1,free,805,20264,244.5
MDW,Chicago IL,*,Denver CO,1.08,3,No,0,0.579228,29260,29055,7830332,1862106,0,Free,902,16263,174.06
ORD,Chicago IL,*,Denver CO,1.08,3,No,0,0.579228,29260,29055,7830332,1862106,1,Free,902,16263,174.06
MDW,Chicago IL,*,Detroit MI,1,3,No,1,0.305978,29260,26506,7830332,4459144,0,Constrained,237,34113,74.28
ORD,Chicago IL,*,Detroit MI,1,3,No,1,0.305978,29260,26506,7830332,4459144,1,Constrained,237,34113,74.28
MDW,Chicago IL,*,Fort Lauderdale FL,1.15,3,Yes,1,0.248276,29260,26752,7830332,1440377,0,free,1168,10117,153.95
ORD,Chicago IL,*,Fort Lauderdale FL,1.15,3,Yes,1,0.248276,29260,26752,7830332,1440377,1,free,1168,10117,153.95
MDW,Chicago IL,*,Fort Meyers FL,1.2,3,Yes,0,0.324731,29260,26752,7830332,379566,0,free,1108,7196,136.68
ORD,Chicago IL,*,Fort Meyers FL,1.2,3,Yes,0,0.324731,29260,26752,7830332,379566,1,Free,1108,7196,136.68
MDW,Chicago IL,*,Hartford CT,1.13,3,No,0,0.414613,29260,30268,7830332,1106780,0,free,779,6614,240.88
ORD,Chicago IL,*,Hartford CT,1.13,3,No,0,0.414613,29260,30268,7830332,1106780,1,Free,779,6614,240.88
MDW,Chicago IL,*,Houston TX,1.09,3,No,1,0.257242,29260,27211,7830332,3770125,0,Free,939,16868,139.56
ORD,Chicago IL,*,Houston TX,1.09,3,No,1,0.257242,29260,27211,7830332,3770125,1,free,939,16868,139.56
MDW,Chicago IL,*,Indianapolis IN,1,0,No,1,0.370218,29260,25475,7830332,1489247,0,free,167,9355,62.63
ORD,Chicago IL,*,Indianapolis IN,1,3,No,1,0.370218,29260,25475,7830332,1489247,1,free,167,9355,62.63
MDW,Chicago IL,*,Jacksonville FL,1.45,3,Yes,0,0.319881,29260,23614,7830332,1008768,0,free,865,3789,158.63
ORD,Chicago IL,*,Jacksonville FL,1.45,3,Yes,0,0.319881,29260,23614,7830332,1008768,1,free,865,3789,158.63
MDW,Chicago IL,*,Kansas City MO,1.04,0,No,1,0.329605,29260,25450,7830332,1694803,0,Free,407,20529,75.71
ORD,Chicago IL,*,Kansas City MO,1.04,3,No,1,0.329605,29260,25450,7830332,1694803,1,Free,407,20529,75.71
MDW,Chicago IL,*,Las Vegas NV,1.15,3,Yes,1,0.204421,29260,24575,7830332,1197234,0,free,1519,23739,123.74
ORD,Chicago IL,*,Las Vegas NV,1.15,3,Yes,1,0.204421,29260,24575,7830332,1197234,1,free,1519,23739,123.74
MDW,Chicago IL,*,Los Angeles CA,1.19,3,No,0,0.341342,29260,24706,7830332,9056076,0,free,1751,29771,233.78
ORD,Chicago IL,*,Los Angeles CA,1.19,3,No,0,0.341342,29260,24706,7830332,9056076,1,free,1751,29771,233.78
MDW,Chicago IL,*,Louisville KY,1.02,3,No,1,0.410987,29260,24307,7830332,989164,0,Free,276,8793,68.06
ORD,Chicago IL,*,Louisville KY,1.02,3,No,1,0.410987,29260,24307,7830332,989164,1,Free,276,8793,68.06
MDW,Chicago IL,*,Miami FL,1.15,0,Yes,0,0.394724,29260,21207,7830332,2105604,0,Free,1187,10671,168.92
ORD,Chicago IL,*,Miami FL,1.15,3,Yes,0,0.394724,29260,21207,7830332,2105604,1,Free,1187,10671,168.92
MDW,Chicago IL,*,Minneapolis/St Paul MN,1.01,3,No,0,0.391117,29260,28739,7830332,2761118,0,Constrained,342,29137,156.93
ORD,Chicago IL,*,Minneapolis/St Paul MN,1.01,3,No,0,0.391117,29260,28739,7830332,2761118,1,Constrained,342,29137,156.93
MDW,Chicago IL,*,Nashville TN,1.02,3,No,1,0.346396,29260,25995,7830332,1115048,0,free,401,10902,84.21
ORD,Chicago IL,*,Nashville TN,1.02,3,No,1,0.346396,29260,25995,7830332,1115048,1,free,401,10902,84.21
MDW,Chicago IL,*,New Orleans LA,1.2,3,No,1,0.262101,29260,22038,7830332,1308499,0,free,829,8356,132.85
ORD,Chicago IL,*,New Orleans LA,1.2,3,No,1,0.262101,29260,22038,7830332,1308499,1,Free,829,8356,132.85
MDW,Chicago IL,EWR,New York/Newark NY,1.05,3,No,0,0.33169,29260,32991,7830332,8621121,0,Constrained,723,73892,159.71
ORD,Chicago IL,EWR,New York/Newark NY,1.05,3,No,0,0.33169,29260,32991,7830332,8621121,1,Constrained,723,73892,159.71
MDW,Chicago IL,JFK,New York/Newark NY,1.05,3,No,0,0.33169,29260,32991,7830332,8621121,1,Free,723,73892,159.71
ORD,Chicago IL,JFK,New York/Newark NY,1.05,3,No,0,0.33169,29260,32991,7830332,8621121,1,Free,723,73892,159.71
MDW,Chicago IL,LGA,New York/Newark NY,1.05,3,No,0,0.33169,29260,32991,7830332,8621121,1,free,723,73892,159.71
ORD,Chicago IL,LGA,New York/Newark NY,1.05,3,No,0,0.33169,29260,32991,7830332,8621121,1,Free,723,73892,159.71
MDW,Chicago IL,*,Omaha NE,1.02,3,No,1,0.523032,29260,25127,7830332,679984,0,free,428,8724,67.77
ORD,Chicago IL,*,Omaha NE,1.02,3,No,1,0.523032,29260,25127,7830332,679984,1,Free,428,8724,67.77
MDW,Chicago IL,*,Orlando FL,1.09,3,Yes,1,0.185353,29260,22360,7830332,1421287,0,free,995,26034,121.67
ORD,Chicago IL,*,Orlando FL,1.09,3,Yes,1,0.185353,29260,22360,7830332,1421287,1,Free,995,26034,121.67
MDW,Chicago IL,*,Philadelphia/Camden PA,1.08,3,No,0,0.37486,29260,27994,7830332,4948339,0,Free,673,16559,215.06
ORD,Chicago IL,*,Philadelphia/Camden PA,1.08,3,No,0,0.37486,29260,27994,7830332,4948339,1,free,673,16559,215.06
MDW,Chicago IL,*,Phoenix AZ,1.11,3,No,1,0.229785,29260,23025,7830332,2753373,0,Free,1446,23009,152.1
ORD,Chicago IL,*,Phoenix AZ,1.11,3,No,1,0.229785,29260,23025,7830332,2753373,1,free,1446,23009,152.1
MDW,Chicago IL,*,Pittsburgh PA,1.05,3,No,0,0.494728,29260,25054,7830332,2374260,0,Constrained,412,6585,208.86
ORD,Chicago IL,*,Pittsburgh PA,1.05,3,No,0,0.494728,29260,25054,7830332,2374260,1,Constrained,412,6585,208.86
MDW,Chicago IL,*,Portland OR,1.34,3,No,0,0.440942,29260,26409,7830332,249561,0,Free,1749,5025,279.61
ORD,Chicago IL,*,Portland OR,1.34,3,No,0,0.440942,29260,26409,7830332,249561,1,free,1749,5025,279.61
MDW,Chicago IL,*,Providence RI,1.11,2,No,0,0.412455,29260,24205,7830332,905329,0,Free,842,2874,219.38
ORD,Chicago IL,*,Providence RI,1.11,3,No,0,0.412455,29260,24205,7830332,905329,1,Free,842,2874,219.38
MDW,Chicago IL,*,Raleigh/Durham NC,1.12,3,No,0,0.457982,29260,26101,7830332,1021830,0,free,636,6123,193.67
ORD,Chicago IL,*,Raleigh/Durham NC,1.12,3,No,0,0.457982,29260,26101,7830332,1021830,1,Free,636,6123,193.67
MDW,Chicago IL,*,Reno NV,1.41,3,Yes,0,0.401479,29260,29284,7830332,298680,0,Free,1680,3926,125.9
ORD,Chicago IL,*,Reno NV,1.41,3,Yes,0,0.401479,29260,29284,7830332,298680,1,Free,1680,3926,125.9
MDW,Chicago IL,*,Salt Lake City UT,1.22,3,No,1,0.271142,29260,21121,7830332,1228816,0,Free,1259,5763,185.65
ORD,Chicago IL,*,Salt Lake City UT,1.22,3,No,1,0.271142,29260,21121,7830332,1228816,1,Free,1259,5763,185.65
MDW,Chicago IL,*,San Antonio TX,1.28,3,No,1,0.326215,29260,21276,7830332,1481709,0,Free,1038,6233,128.36
ORD,Chicago IL,*,San Antonio TX,1.28,3,No,1,0.326215,29260,21276,7830332,1481709,1,free,1038,6233,128.36
MDW,Chicago IL,*,San Diego CA,1.27,3,No,1,0.28632,29260,23903,7830332,2673620,0,Free,1724,9252,219.63
ORD,Chicago IL,*,San Diego CA,1.27,1,No,1,0.28632,29260,23903,7830332,2673620,1,Free,1724,9252,219.63
MDW,Chicago IL,*,San Francisco CA,1.2,3,No,0,0.506853,29260,38813,7830332,1653017,0,Free,1851,20831,291.66
ORD,Chicago IL,*,San Francisco CA,1.2,3,No,0,0.506853,29260,38813,7830332,1653017,1,free,1851,20831,291.66
MDW,Chicago IL,*,San Jose CA,1.27,3,No,0,0.365411,29260,34880,7830332,1594251,0,free,1837,4600,294.18
ORD,Chicago IL,*,San Jose CA,1.27,3,No,0,0.365411,29260,34880,7830332,1594251,1,free,1837,4600,294.18
MDW,Chicago IL,*,Seattle/Tacoma WA,1.25,3,No,0,0.414856,29260,30916,7830332,2230831,0,free,1731,10343,260.16
ORD,Chicago IL,*,Seattle/Tacoma WA,1.25,1,No,0,0.414856,29260,30916,7830332,2230831,1,free,1731,10343,260.16
MDW,Chicago IL,*,St Louis MO,1,3,No,1,0.304225,29260,25824,7830332,2549844,0,Free,257,24362,76.96
ORD,Chicago IL,*,St Louis MO,1,3,No,1,0.304225,29260,25824,7830332,2549844,1,Free,257,24362,76.96
MDW,Chicago IL,*,Tampa FL,1.14,3,Yes,1,0.226017,29260,23654,7830332,2195215,0,Free,1008,17160,127.06
ORD,Chicago IL,*,Tampa FL,1.14,3,Yes,1,0.226017,29260,23654,7830332,2195215,1,Free,1008,17160,127.06
MDW,Chicago IL,DCA,Washington DC,1.09,3,No,0,0.556073,29260,31981,7830332,4549784,1,free,591,27713,145.61
ORD,Chicago IL,DCA,Washington DC,1.09,3,No,0,0.556073,29260,31981,7830332,4549784,1,Free,591,27713,145.61
MDW,Chicago IL,IAD,Washington DC,1.09,3,No,0,0.556073,29260,31981,7830332,4549784,0,free,591,27713,145.61
ORD,Chicago IL,IAD,Washington DC,1.09,3,No,0,0.556073,29260,31981,7830332,4549784,1,Free,591,27713,145.61
MDW,Chicago IL,*,West Palm Beach FL,1.26,3,Yes,0,0.204042,29260,37375,7830332,991717,0,free,1134,5449,145.53
ORD,Chicago IL,*,West Palm Beach FL,1.26,3,Yes,0,0.204042,29260,37375,7830332,991717,1,Free,1134,5449,145.53
*,Cincinnati OH,MDW,Chicago IL,1.01,0,No,0,0.391081,25059,29260,1595139,7830332,0,Constrained,254,7069,180.56
*,Cincinnati OH,ORD,Chicago IL,1.01,3,No,0,0.391081,25059,29260,1595139,7830332,1,Constrained,254,7069,180.56
*,Cincinnati OH,EWR,New York/Newark NY,1.1,3,No,0,0.610203,25059,32991,1595139,8621121,0,Constrained,582,9567,205
*,Cincinnati OH,JFK,New York/Newark NY,1.1,3,No,0,0.610203,25059,32991,1595139,8621121,1,Constrained,582,9567,205
*,Cincinnati OH,LGA,New York/Newark NY,1.1,3,No,0,0.610203,25059,32991,1595139,8621121,1,Constrained,582,9567,205
*,Cincinnati OH,*,Orlando FL,1.17,3,Yes,0,0.531307,25059,22360,1595139,1421287,0,Constrained,756,5235,138.88
*,Cleveland OH,*,Baltimore/Wash Intl MD,1.01,3,No,1,0.340811,26046,29838,2230955,7145897,0,free,309,13386,56.76
*,Cleveland OH,*,Houston TX,1.31,3,No,1,0.617295,26046,27211,2230955,3770125,0,Free,1117,4057,191.63
*,Cleveland OH,*,Las Vegas NV,1.36,0,Yes,1,0.407045,26046,24575,2230955,1197234,0,free,1831,4543,159.12
*,Cleveland OH,*,Los Angeles CA,1.56,3,No,0,0.330008,26046,24706,2230955,9056076,0,Free,2062,4531,231.97
*,Cleveland OH,EWR,New York/Newark NY,1.07,3,No,0,0.679894,26046,32991,2230955,8621121,0,Constrained,408,13252,143.44
*,Cleveland OH,JFK,New York/Newark NY,1.07,3,No,0,0.679894,26046,32991,2230955,8621121,1,free,408,13252,143.44
*,Cleveland OH,LGA,New York/Newark NY,1.07,3,No,0,0.679894,26046,32991,2230955,8621121,1,Free,408,13252,143.44
*,Cleveland OH,*,Orlando FL,1.34,3,Yes,0,0.456858,26046,22360,2230955,1421287,0,free,902,5696,140.9
*,Cleveland OH,*,Phoenix AZ,1.56,0,No,1,0.265994,26046,23025,2230955,2753373,0,free,1749,4272,166.66
*,Cleveland OH,*,St Louis MO,1.04,3,No,1,0.364239,26046,25824,2230955,2549844,0,Free,492,5629,77.62
*,Columbus OH,*,Las Vegas NV,1.42,3,Yes,0,0.495658,24502,24575,125722,1197234,0,free,1769,7231,115.84
*,Columbus OH,*,Los Angeles CA,1.92,3,No,0,0.155016,24502,24706,125722,9056076,0,Free,1996,3542,179.23
*,Columbus OH,EWR,New York/Newark NY,1.11,3,No,0,0.304645,24502,32991,125722,8621121,0,Constrained,475,10168,174.87
*,Columbus OH,JFK,New York/Newark NY,1.11,0,No,0,0.304645,24502,32991,125722,8621121,1,free,475,10168,174.87
*,Columbus OH,LGA,New York/Newark NY,1.11,3,No,0,0.304645,24502,32991,125722,8621121,1,Free,475,10168,174.87
*,Columbus OH,*,Orlando FL,1.5,0,Yes,1,0.208223,24502,22360,125722,1421287,0,Free,802,6399,104.33
*,Columbus OH,*,Phoenix AZ,1.56,3,No,1,0.339187,24502,23025,125722,2753373,0,Free,1673,4780,158
*,Columbus OH,*,Tampa FL,1.55,3,Yes,1,0.255317,24502,23654,125722,2195215,0,free,834,4587,106.65
*,Columbus OH,DCA,Washington DC,1.07,3,No,0,0.328986,24502,31981,125722,4549784,1,free,310,6583,100.95
*,Columbus OH,IAD,Washington DC,1.07,3,No,0,0.328986,24502,31981,125722,4549784,0,free,310,6583,100.95
*,Corpus Christi TX,*,Dallas/Fort Worth TX,1.02,3,No,1,0.438655,18933,28637,382155,3036732,0,free,354,5391,78.62
*,Corpus Christi TX,*,Houston TX,1,3,No,1,0.582614,18933,27211,382155,3770125,0,Free,184,5312,65.31
*,Dallas/Fort Worth TX,*,Amarillo TX,1,3,No,1,0.529199,28637,21112,3036732,205711,0,Free,312,7864,64.11
*,Dallas/Fort Worth TX,*,Baltimore/Wash Intl MD,1.28,3,No,0,0.675448,28637,29838,3036732,7145897,0,Free,1220,4625,228
*,Dallas/Fort Worth TX,*,Charlotte NC,1.14,3,No,0,0.443986,28637,25237,3036732,1318892,0,Constrained,940,4493,203.17
*,Dallas/Fort Worth TX,*,Colorado Springs CO,1.06,3,No,0,0.511054,28637,22263,3036732,472254,0,free,592,6098,91.83
*,Dallas/Fort Worth TX,*,Denver CO,1.06,3,No,0,0.415761,28637,29055,3036732,1862106,0,free,638,11298,155.81
*,Dallas/Fort Worth TX,*,Detroit MI,1.22,3,No,0,0.403332,28637,26506,3036732,4459144,0,Constrained,1001,6401,245.28
*,Dallas/Fort Worth TX,*,El Paso TX,1.02,3,No,1,0.506307,28637,14600,3036732,677757,0,free,548,10989,84.23
*,Dallas/Fort Worth TX,*,Fort Lauderdale FL,1.16,3,Yes,0,0.467703,28637,26752,3036732,1440377,0,free,1118,3402,207.84
*,Dallas/Fort Worth TX,*,Houston TX,1,3,No,1,0.499263,28637,27211,3036732,3770125,0,Free,234,54429,67.78
*,Dallas/Fort Worth TX,*,Kansas City MO,1.2,3,No,0,0.752009,28637,25450,3036732,1694803,0,Free,458,9381,116.57
*,Dallas/Fort Worth TX,*,Las Vegas NV,1.16,3,Yes,0,0.444651,28637,24575,3036732,1197234,0,Free,1052,6986,164.88
*,Dallas/Fort Worth TX,*,Little Rock AR,1,3,No,1,0.529305,28637,22726,3036732,547633,0,free,308,10451,59.77
*,Dallas/Fort Worth TX,*,Los Angeles CA,1.2,3,No,0,0.597602,28637,24706,3036732,9056076,0,Free,1234,9746,272.06
*,Dallas/Fort Worth TX,*,Lubbock TX,1,3,No,1,0.63372,28637,20980,3036732,231325,0,Free,283,9446,60.87
*,Dallas/Fort Worth TX,*,Miami FL,1.16,3,Yes,0,0.577286,28637,21207,3036732,2105604,0,free,1116,4613,185.11
*,Dallas/Fort Worth TX,*,Minneapolis/St Paul MN,1.1,3,No,0,0.45403,28637,28739,3036732,2761118,0,Constrained,857,6621,230.71
*,Dallas/Fort Worth TX,*,Nashville TN,1.1,3,No,0,0.713834,28637,25995,3036732,1115048,0,free,634,4632,181.99
*,Dallas/Fort Worth TX,*,New Orleans LA,1.05,3,No,1,0.406065,28637,22038,3036732,1308499,0,Free,455,12717,84.53
*,Dallas/Fort Worth TX,EWR,New York/Newark NY,1.12,3,No,0,0.658372,28637,32991,3036732,8621121,0,Constrained,1389,24082,304.18
*,Dallas/Fort Worth TX,JFK,New York/Newark NY,1.12,3,No,0,0.658372,28637,32991,3036732,8621121,1,free,1389,24082,304.18
*,Dallas/Fort Worth TX,LGA,New York/Newark NY,1.12,3,No,0,0.658372,28637,32991,3036732,8621121,1,Free,1389,24082,304.18
*,Dallas/Fort Worth TX,*,Oklahoma City OK,1,1,No,1,0.514903,28637,20927,3036732,1021733,0,Free,180,7646,66.14
*,Dallas/Fort Worth TX,*,Orlando FL,1.08,3,Yes,0,0.381952,28637,22360,3036732,1421287,0,free,984,11392,153.58
*,Dallas/Fort Worth TX,*,Philadelphia/Camden PA,1.17,3,No,0,0.592173,28637,27994,3036732,4948339,0,Free,1314,7630,249.45
*,Dallas/Fort Worth TX,*,Phoenix AZ,1.1,0,No,0,0.471147,28637,23025,3036732,2753373,0,free,870,7060,229.84
*,Dallas/Fort Worth TX,*,Raleigh/Durham NC,1.19,3,No,0,0.761769,28637,26101,3036732,1021830,0,Free,1065,4285,230.56
*,Dallas/Fort Worth TX,*,San Antonio TX,1.01,3,No,1,0.513029,28637,21276,3036732,1481709,0,Free,242,22163,63.69
*,Dallas/Fort Worth TX,*,San Diego CA,1.18,3,No,0,0.55708,28637,23903,3036732,2673620,0,Free,1163,4596,252.97
*,Dallas/Fort Worth TX,*,San Francisco CA,1.24,3,No,0,0.493518,28637,38813,3036732,1653017,0,Free,1463,7537,297.83
*,Dallas/Fort Worth TX,*,San Jose CA,1.12,3,No,0,0.751635,28637,34880,3036732,1594251,0,free,1436,4799,325.02
*,Dallas/Fort Worth TX,*,Seattle/Tacoma WA,1.23,3,No,0,0.448707,28637,30916,3036732,2230831,0,free,1662,6482,239.66
*,Dallas/Fort Worth TX,*,St Louis MO,1.06,3,No,0,0.480313,28637,25824,3036732,2549844,0,free,556,7478,188.11
*,Dallas/Fort Worth TX,*,Tampa FL,1.13,3,Yes,0,0.556554,28637,23654,3036732,2195215,0,Free,936,5196,200.69
*,Dallas/Fort Worth TX,*,Tulsa OK,1,3,No,1,0.460196,28637,22956,3036732,754013,0,Free,239,11479,64.97
*,Dallas/Fort Worth TX,DCA,Washington DC,1.16,3,No,0,0.646084,28637,31981,3036732,4549784,1,Free,1185,14398,256.86
*,Dallas/Fort Worth TX,IAD,Washington DC,1.16,3,No,0,0.646084,28637,31981,3036732,4549784,0,Free,1185,14398,256.86
*,Denver CO,*,Detroit MI,1.21,3,No,0,0.421371,29055,26506,1862106,4459144,0,Constrained,1139,3851,256.48
*,Denver CO,*,Houston TX,1.14,3,No,0,0.41031,29055,27211,1862106,3770125,0,free,866,5860,204.68
*,Denver CO,*,Kansas City MO,1.02,3,No,0,0.550579,29055,25450,1862106,1694803,0,free,541,7679,110.25
*,Denver CO,*,Las Vegas NV,1.13,3,Yes,0,0.37601,29055,24575,1862106,1197234,0,Free,618,10206,89.47
*,Denver CO,*,Los Angeles CA,1.1,3,No,0,0.658949,29055,24706,1862106,9056076,0,Free,854,20889,129.8
*,Denver CO,*,Minneapolis/St Paul MN,1.02,3,No,0,0.434748,29055,28739,1862106,2761118,0,Constrained,693,10147,133.5
*,Denver CO,EWR,New York/Newark NY,1.25,3,No,0,0.48091,29055,32991,1862106,8621121,0,Constrained,1624,16240,270.36
*,Denver CO,JFK,New York/Newark NY,1.25,3,No,0,0.48091,29055,32991,1862106,8621121,1,Free,1624,16240,270.36
*,Denver CO,LGA,New York/Newark NY,1.25,3,No,0,0.48091,29055,32991,1862106,8621121,1,Free,1624,16240,270.36
*,Denver CO,*,Omaha NE,1,3,No,0,0.61316,29055,25127,1862106,679984,0,Free,474,3734,139.81
*,Denver CO,*,Orlando FL,1.55,3,Yes,0,0.365191,29055,22360,1862106,1421287,0,Free,1545,5820,201.43
*,Denver CO,*,Philadelphia/Camden PA,1.35,3,No,0,0.584094,29055,27994,1862106,4948339,0,Free,1568,3599,335.55
*,Denver CO,*,Phoenix AZ,1.02,0,No,0,0.395907,29055,23025,1862106,2753373,0,Free,590,11723,133.04
*,Denver CO,*,Portland OR,1.3,3,No,0,0.676931,29055,26409,1862106,249561,0,Free,992,4701,188.46
*,Denver CO,*,Salt Lake City UT,1,3,No,0,0.258758,29055,21121,1862106,1228816,0,Free,388,12994,69.6
*,Denver CO,*,San Diego CA,1.2,3,No,0,0.64963,29055,23903,1862106,2673620,0,Free,840,6901,134.79
*,Denver CO,*,San Francisco CA,1.09,3,No,0,0.725137,29055,38813,1862106,1653017,0,free,960,15039,168.96
*,Denver CO,*,San Jose CA,1.18,3,No,0,0.81426,29055,34880,1862106,1594251,0,Free,943,4166,263.48
*,Denver CO,*,Seattle/Tacoma WA,1.14,3,No,0,0.682549,29055,30916,1862106,2230831,0,Free,1028,9760,169.92
*,Denver CO,*,St Louis MO,1.08,3,No,0,0.41286,29055,25824,1862106,2549844,0,free,785,4186,207.17
*,Denver CO,DCA,Washington DC,1.33,3,No,0,0.704698,29055,31981,1862106,4549784,1,free,1470,12410,240.48
*,Denver CO,IAD,Washington DC,1.33,3,No,0,0.704698,29055,31981,1862106,4549784,0,free,1470,12410,240.48
*,Detroit MI,*,Fort Lauderdale FL,1.17,3,Yes,0,0.468168,26506,26752,4459144,1440377,0,Constrained,1128,6103,113.39
*,Detroit MI,*,Fort Meyers FL,1.13,3,Yes,0,0.45169,26506,26752,4459144,379566,0,Constrained,1088,7049,108.15
*,Detroit MI,*,Houston TX,1.19,3,No,1,0.36498,26506,27211,4459144,3770125,0,Constrained,1102,4660,177.22
*,Detroit MI,*,Indianapolis IN,1.11,3,No,1,0.843767,26506,25475,4459144,1489247,0,Constrained,241,4790,169.58
*,Detroit MI,*,Kansas City MO,1.31,3,No,1,0.556975,26506,25450,4459144,1694803,0,Constrained,639,4987,123.27
*,Detroit MI,*,Las Vegas NV,1.19,3,Yes,0,0.530727,26506,24575,4459144,1197234,0,Constrained,1756,6675,163.78
*,Detroit MI,*,Los Angeles CA,1.52,3,No,0,0.428978,26506,24706,4459144,9056076,0,Constrained,1988,6758,295.49
*,Detroit MI,*,Miami FL,1.17,3,Yes,0,0.614053,26506,21207,4459144,2105604,0,Constrained,1151,5064,133.98
*,Detroit MI,*,Minneapolis/St Paul MN,1.14,3,No,0,0.924913,26506,28739,4459144,2761118,0,Constrained,530,5389,286.54
*,Detroit MI,*,Nashville TN,1.16,2,No,1,0.774663,26506,25995,4459144,1115048,0,Constrained,466,6143,166.25
*,Detroit MI,EWR,New York/Newark NY,1.06,3,No,0,0.543052,26506,32991,4459144,8621121,0,Constrained,492,17775,209.35
*,Detroit MI,JFK,New York/Newark NY,1.06,3,No,0,0.543052,26506,32991,4459144,8621121,1,Constrained,492,17775,209.35
*,Detroit MI,LGA,New York/Newark NY,1.06,3,No,0,0.543052,26506,32991,4459144,8621121,1,Constrained,492,17775,209.35
*,Detroit MI,*,Orlando FL,1.16,3,Yes,0,0.579088,26506,22360,4459144,1421287,0,Constrained,963,16414,102.95
*,Detroit MI,*,Philadelphia/Camden PA,1.05,3,No,0,0.459729,26506,27994,4459144,4948339,0,Constrained,450,7899,175.66
*,Detroit MI,*,Phoenix AZ,1.22,3,No,1,0.411608,26506,23025,4459144,2753373,0,Constrained,1682,8384,191.66
*,Detroit MI,*,San Francisco CA,1.37,3,No,0,0.558302,26506,38813,4459144,1653017,0,Constrained,2084,4913,314.88
*,Detroit MI,*,Seattle/Tacoma WA,1.42,3,No,0,0.587066,26506,30916,4459144,2230831,0,Constrained,1932,2575,285.34
*,Detroit MI,*,St Louis MO,1.02,3,No,1,0.33638,26506,25824,4459144,2549844,0,Constrained,447,10298,77.46
*,Detroit MI,*,Tampa FL,1.17,3,Yes,0,0.498408,26506,23654,4459144,2195215,0,Constrained,994,10640,107.51
*,Detroit MI,DCA,Washington DC,1.08,3,No,0,0.836988,26506,31981,4459144,4549784,1,Constrained,391,7833,205.96
*,Detroit MI,IAD,Washington DC,1.08,3,No,0,0.836988,26506,31981,4459144,4549784,0,Constrained,391,7833,205.96
*,El Paso TX,*,Phoenix AZ,1,3,No,1,0.723162,14600,23025,677757,2753373,0,free,353,6211,60.73
*,Fort Lauderdale FL,*,Baltimore/Wash Intl MD,1.15,3,Yes,1,0.5584,26752,29838,1440377,7145897,0,free,921,5512,116.54
*,Fort Lauderdale FL,*,Jacksonville FL,1.01,3,Yes,0,0.33057,26752,23614,1440377,1008768,0,free,303,1859,114.93
*,Fort Lauderdale FL,*,Los Angeles CA,1.27,3,Yes,0,0.347217,26752,24706,1440377,9056076,0,Free,2341,4719,193.5
*,Fort Lauderdale FL,EWR,New York/Newark NY,1.06,3,Yes,0,0.282816,26752,32991,1440377,8621121,0,Constrained,1068,40159,123.18
*,Fort Lauderdale FL,JFK,New York/Newark NY,1.06,3,Yes,0,0.282816,26752,32991,1440377,8621121,1,Free,1068,40159,123.18
*,Fort Lauderdale FL,LGA,New York/Newark NY,1.06,3,Yes,0,0.282816,26752,32991,1440377,8621121,1,Free,1068,40159,123.18
*,Fort Lauderdale FL,*,Orlando FL,1,3,Yes,1,0.414401,26752,22360,1440377,1421287,0,Free,174,9216,45.55
*,Fort Lauderdale FL,*,Philadelphia/Camden PA,1.21,3,Yes,0,0.757756,26752,27994,1440377,4948339,0,Free,997,6541,132.77
*,Fort Lauderdale FL,*,Tampa FL,1,3,Yes,1,0.369228,26752,23654,1440377,2195215,0,Free,187,13264,46.32
*,Fort Lauderdale FL,DCA,Washington DC,1.31,3,Yes,0,0.543317,26752,31981,1440377,4549784,1,Free,896,5935,127.67
*,Fort Lauderdale FL,IAD,Washington DC,1.31,3,Yes,0,0.543317,26752,31981,1440377,4549784,0,Free,896,5935,127.67
*,Fort Meyers FL,*,Indianapolis IN,1.21,3,Yes,0,0.613426,24510,25475,379566,1489247,0,Free,943,3624,105.73
*,Fort Meyers FL,EWR,New York/Newark NY,1.22,3,Yes,0,0.353616,24510,32991,379566,8621121,0,Constrained,1076,9399,143.2
*,Fort Meyers FL,JFK,New York/Newark NY,1.22,3,Yes,0,0.353616,24510,32991,379566,8621121,1,Free,1076,9399,143.2
*,Fort Meyers FL,LGA,New York/Newark NY,1.22,3,Yes,0,0.353616,24510,32991,379566,8621121,1,Free,1076,9399,143.2
*,Greenville/Sprtnbg SC,EWR,New York/Newark NY,1.29,3,No,0,0.3152,21081,32991,895123,8621121,0,Constrained,613,3806,144.6
*,Greenville/Sprtnbg SC,JFK,New York/Newark NY,1.29,0,No,0,0.3152,21081,32991,895123,8621121,1,free,613,3806,144.6
*,Greenville/Sprtnbg SC,LGA,New York/Newark NY,1.29,3,No,0,0.3152,21081,32991,895123,8621121,1,free,613,3806,144.6
*,Hartford CT,*,Orlando FL,1.36,3,Yes,0,0.321737,30268,22360,1106780,1421287,0,free,1045,9823,114.5
*,Hartford CT,*,Tampa FL,1.44,3,Yes,0,0.463351,30268,23654,1106780,2195215,0,free,1108,4410,125.25
*,Hartford CT,DCA,Washington DC,1.04,3,No,0,0.579638,30268,31981,1106780,4549784,1,Free,315,7688,117.35
*,Hartford CT,IAD,Washington DC,1.04,0,No,0,0.579638,30268,31981,1106780,4549784,0,Free,315,7688,117.35
*,Hartford CT,*,West Palm Beach FL,1.36,3,Yes,0,0.395155,30268,37375,1106780,991717,0,Free,1125,5243,130.15
*,Honolulu (Intl) HI,*,Portland OR,1.63,3,Yes,0,0.378494,26681,26409,873131,249561,0,Free,2603,2746,205.51
*,Houston TX,*,Baltimore/Wash Intl MD,1.33,3,No,1,0.466244,27211,29838,3770125,7145897,0,Free,1249,7811,172.63
*,Houston TX,*,Colorado Springs CO,1.19,3,No,0,0.403709,27211,22263,3770125,472254,0,Free,817,4281,111.66
*,Houston TX,*,Kansas City MO,1.08,2,No,1,0.434385,27211,25450,3770125,1694803,0,Free,652,4649,127.78
*,Houston TX,*,Las Vegas NV,1.18,3,Yes,1,0.369013,27211,24575,3770125,1197234,0,free,1222,9632,112.99
*,Houston TX,*,Los Angeles CA,1.27,3,No,1,0.394283,27211,24706,3770125,9056076,0,free,1379,11760,195.28
*,Houston TX,*,Nashville TN,1.08,3,No,1,0.472217,27211,25995,3770125,1115048,0,free,671,5772,107.86
*,Houston TX,*,New Orleans LA,1.01,3,No,1,0.511749,27211,22038,3770125,1308499,0,free,319,19894,76.81
*,Houston TX,EWR,New York/Newark NY,1.29,3,No,0,0.643827,27211,32991,3770125,8621121,0,Constrained,1426,15711,349.53
*,Houston TX,JFK,New York/Newark NY,1.29,1,No,0,0.643827,27211,32991,3770125,8621121,1,Free,1426,15711,349.53
*,Houston TX,LGA,New York/Newark NY,1.29,3,No,0,0.643827,27211,32991,3770125,8621121,1,Free,1426,15711,349.53
*,Houston TX,*,Oklahoma City OK,1.09,3,No,1,0.489764,27211,20927,3770125,1021733,0,Free,410,5425,96.18
*,Houston TX,*,Orlando FL,1.28,3,Yes,1,0.484394,27211,22360,3770125,1421287,0,free,856,5798,150.04
*,Houston TX,*,Philadelphia/Camden PA,1.36,3,No,0,0.567925,27211,27994,3770125,4948339,0,Free,1347,4023,353.56
*,Houston TX,*,Phoenix AZ,1.08,3,No,1,0.310041,27211,23025,3770125,2753373,0,Free,1014,6277,148.28
*,Houston TX,*,San Antonio TX,1,3,No,1,0.575182,27211,21276,3770125,1481709,0,Free,177,10581,63.92
*,Houston TX,*,San Francisco CA,1.26,3,No,1,0.47453,27211,38813,3770125,1653017,0,free,1637,7341,241.04
*,Houston TX,*,St Louis MO,1.03,3,No,1,0.34677,27211,25824,3770125,2549844,0,free,682,7785,105.13
*,Houston TX,*,Tulsa OK,1.07,3,No,1,0.495921,27211,22956,3770125,754013,0,free,444,7782,100.36
*,Houston TX,DCA,Washington DC,1.36,3,No,0,0.464126,27211,31981,3770125,4549784,1,Free,1213,4708,297.2
*,Houston TX,IAD,Washington DC,1.36,3,No,0,0.464126,27211,31981,3770125,4549784,0,Free,1213,4708,297.2
*,Jacksonville FL,EWR,New York/Newark NY,1.34,3,Yes,0,0.384028,23614,32991,1008768,8621121,0,Constrained,842,7098,183.43
*,Jacksonville FL,JFK,New York/Newark NY,1.34,3,Yes,0,0.384028,23614,32991,1008768,8621121,1,Free,842,7098,183.43
*,Jacksonville FL,LGA,New York/Newark NY,1.34,3,Yes,0,0.384028,23614,32991,1008768,8621121,1,Free,842,7098,183.43
*,Kansas City MO,*,Baltimore/Wash Intl MD,1.6,2,No,1,0.2617,25450,29838,1694803,7145897,0,Free,964,4657,114.76
*,Kansas City MO,*,Minneapolis/St Paul MN,1.19,3,No,0,0.795831,25450,28739,1694803,2761118,0,Constrained,401,3733,232.55
*,Kansas City MO,EWR,New York/Newark NY,1.4,3,No,0,0.261787,25450,32991,1694803,8621121,0,Constrained,1103,7543,223.99
*,Kansas City MO,JFK,New York/Newark NY,1.4,3,No,0,0.261787,25450,32991,1694803,8621121,1,Free,1103,7543,223.99
*,Kansas City MO,LGA,New York/Newark NY,1.4,0,No,0,0.261787,25450,32991,1694803,8621121,1,Free,1103,7543,223.99
*,Kansas City MO,*,Orlando FL,1.68,0,Yes,1,0.177185,25450,22360,1694803,1421287,0,Free,1064,5610,121.35
*,Kansas City MO,*,Phoenix AZ,1.18,3,No,1,0.372596,25450,23025,1694803,2753373,0,Free,1046,8478,85.48
*,Kansas City MO,*,San Francisco CA,1.35,3,No,0,0.202497,25450,38813,1694803,1653017,0,Free,1500,6158,116.52
*,Kansas City MO,*,St Louis MO,1,3,No,1,0.503418,25450,25824,1694803,2549844,0,Free,244,9784,56.8
*,Kansas City MO,DCA,Washington DC,1.42,3,No,0,0.422156,25450,31981,1694803,4549784,1,Free,935,5252,182.56
*,Kansas City MO,IAD,Washington DC,1.42,3,No,0,0.422156,25450,31981,1694803,4549784,0,Free,935,5252,182.56
*,Las Vegas NV,*,Baltimore/Wash Intl MD,1.57,3,Yes,1,0.177259,24575,29838,1197234,7145897,0,Free,2104,4489,158.2
*,Las Vegas NV,*,Colorado Springs CO,1.16,3,Yes,0,0.346514,24575,22263,1197234,472254,0,Free,602,8810,57.62
*,Las Vegas NV,*,Honolulu (Intl) HI,1.56,3,Yes,0,0.313514,24575,26681,1197234,873131,0,Free,2764,6462,183.19
*,Las Vegas NV,*,Indianapolis IN,1.34,3,Yes,0,0.288365,24575,25475,1197234,1489247,0,Free,1588,7406,114.13
*,Las Vegas NV,*,Kansas City MO,1.39,0,Yes,1,0.284424,24575,25450,1197234,1694803,0,Free,1140,8309,78.24
*,Las Vegas NV,*,Milwaukee WI,1.42,3,Yes,0,0.27966,24575,26695,1197234,1646147,0,Free,1521,2963,146.36
*,Las Vegas NV,*,Minneapolis/St Paul MN,1.13,3,Yes,0,0.617212,24575,28739,1197234,2761118,0,Constrained,1301,4353,171.67
*,Las Vegas NV,EWR,New York/Newark NY,1.36,3,Yes,0,0.226381,24575,32991,1197234,8621121,0,Constrained,2237,26582,169.41
*,Las Vegas NV,JFK,New York/Newark NY,1.36,3,Yes,0,0.226381,24575,32991,1197234,8621121,1,free,2237,26582,169.41
*,Las Vegas NV,LGA,New York/Newark NY,1.36,3,Yes,0,0.226381,24575,32991,1197234,8621121,1,free,2237,26582,169.41
*,Las Vegas NV,*,Oakland CA,1.05,0,Yes,1,0.906295,24575,29846,1197234,2237227,0,free,407,13356,58.03
*,Las Vegas NV,*,Orlando FL,1.48,3,Yes,0,0.328529,24575,22360,1197234,1421287,0,free,2035,5829,117.59
*,Las Vegas NV,*,Philadelphia/Camden PA,1.36,3,Yes,0,0.249445,24575,27994,1197234,4948339,0,free,2179,6948,165.9
*,Las Vegas NV,*,Phoenix AZ,1,3,Yes,1,0.561902,24575,23025,1197234,2753373,0,Free,248,22995,53.07
*,Las Vegas NV,*,Portland OR,1.16,3,Yes,1,0.231828,24575,26409,1197234,249561,0,Free,760,9497,69.19
*,Las Vegas NV,*,Reno NV,1,3,Yes,1,0.518237,24575,29284,1197234,298680,0,Free,344,13102,54.38
*,Las Vegas NV,*,Sacramento CA,1.18,3,Yes,1,0.807226,24575,24236,1197234,1481076,0,Free,387,7985,56.91
*,Las Vegas NV,*,Salt Lake City UT,1.01,3,Yes,1,0.393501,24575,21121,1197234,1228816,0,Free,359,10349,57.4
*,Las Vegas NV,*,San Antonio TX,1.3,3,Yes,1,0.555316,24575,21276,1197234,1481709,0,Free,1074,6756,86.71
*,Las Vegas NV,*,San Diego CA,1.01,0,Yes,1,0.690675,24575,23903,1197234,2673620,0,Free,258,17966,53.14
*,Las Vegas NV,*,San Francisco CA,1.06,3,Yes,1,0.454861,24575,38813,1197234,1653017,0,Free,416,17840,72.58
*,Las Vegas NV,*,San Jose CA,1.01,3,Yes,1,0.547243,24575,34880,1197234,1594251,0,Free,387,13378,55.16
*,Las Vegas NV,*,Seattle/Tacoma WA,1.16,3,Yes,1,0.278155,24575,30916,1197234,2230831,0,Free,869,15887,70.16
*,Las Vegas NV,*,St Louis MO,1.28,3,Yes,1,0.369942,24575,25824,1197234,2549844,0,Free,1379,4971,141.48
*,Las Vegas NV,*,Tampa FL,1.67,3,Yes,1,0.223808,24575,23654,1197234,2195215,0,Free,1989,3905,128.97
*,Las Vegas NV,*,Tucson AZ,1.1,3,Yes,1,0.355211,24575,20375,1197234,766956,0,free,357,5658,49.77
*,Los Angeles CA,*,Baltimore/Wash Intl MD,1.5,1,No,1,0.393229,24706,29838,9056076,7145897,0,Free,2329,7349,228.99
*,Los Angeles CA,*,Colorado Springs CO,1.36,3,No,0,0.438463,24706,22263,9056076,472254,0,Free,833,5762,104.72
*,Los Angeles CA,*,Honolulu (Intl) HI,1.03,3,Yes,0,0.170689,24706,26681,9056076,873131,0,free,2555,32824,167.16
*,Los Angeles CA,*,Indianapolis IN,1.52,3,No,0,0.178771,24706,25475,9056076,1489247,0,Free,1815,5869,153.5
*,Los Angeles CA,*,Kansas City MO,1.31,2,No,1,0.184352,24706,25450,9056076,1694803,0,Free,1365,7959,116
*,Los Angeles CA,*,Las Vegas NV,1,0,Yes,1,0.252201,24706,24575,9056076,1197234,0,Free,238,51358,55.57
*,Los Angeles CA,*,Las Vegas NV,1,0,Yes,1,0.252201,24706,24575,9056076,1197234,0,Free,238,51358,55.57
*,Los Angeles CA,*,Miami FL,1.21,3,Yes,0,0.45672,24706,21207,9056076,2105604,0,Free,2336,11193,207.83
*,Los Angeles CA,*,Minneapolis/St Paul MN,1.24,3,No,0,0.61661,24706,28739,9056076,2761118,0,Constrained,1539,7749,246.1
*,Los Angeles CA,*,Nashville TN,1.57,2,No,1,0.310638,24706,25995,9056076,1115048,0,Free,1798,4462,181.02
*,Los Angeles CA,*,New Orleans LA,1.43,3,No,1,0.260505,24706,22038,9056076,1308499,0,Free,1678,5559,202
*,Los Angeles CA,EWR,New York/Newark NY,1.17,3,No,0,0.251774,24706,32991,9056076,8621121,0,Constrained,2467,60435,326.47
*,Los Angeles CA,JFK,New York/Newark NY,1.17,3,No,0,0.251774,24706,32991,9056076,8621121,1,free,2467,60435,326.47
*,Los Angeles CA,LGA,New York/Newark NY,1.17,3,No,0,0.251774,24706,32991,9056076,8621121,1,Free,2467,60435,326.47
*,Los Angeles CA,*,Oakland CA,1,3,No,1,0.539108,24706,29846,9056076,2237227,0,Free,334,43884,53.8
*,Los Angeles CA,*,Orlando FL,1.4,3,Yes,0,0.462894,24706,22360,9056076,1421287,0,Free,2216,8084,258.43
*,Los Angeles CA,*,Philadelphia/Camden PA,1.37,3,No,0,0.326494,24706,27994,9056076,4948339,0,Free,2407,8981,293.21
*,Los Angeles CA,*,Phoenix AZ,1.01,3,No,1,0.392394,24706,23025,9056076,2753373,0,free,366,35471,51.73
*,Los Angeles CA,*,Portland OR,1.06,0,No,1,0.315368,24706,26409,9056076,249561,0,free,831,16784,91.97
*,Los Angeles CA,*,Reno NV,1.09,3,Yes,1,0.526515,24706,29284,9056076,298680,0,free,388,10213,60.28
*,Los Angeles CA,*,Sacramento CA,1.01,3,No,1,0.472911,24706,24236,9056076,1481076,0,free,361,18833,56.79
*,Los Angeles CA,*,Salt Lake City UT,1.05,3,No,1,0.508975,24706,21121,9056076,1228816,0,free,584,17617,66.46
*,Los Angeles CA,*,San Antonio TX,1.42,3,No,1,0.290915,24706,21276,9056076,1481709,0,Free,1218,4620,130.09
*,Los Angeles CA,*,San Diego CA,1,3,No,0,0.310531,24706,23903,9056076,2673620,0,Free,114,6446,70.41
*,Los Angeles CA,*,San Diego CA,1,3,No,0,0.310531,24706,23903,9056076,2673620,0,free,114,6446,70.41
*,Los Angeles CA,*,San Francisco CA,1.02,3,No,0,0.766403,24706,38813,9056076,1653017,0,free,341,43671,79.23
*,Los Angeles CA,*,San Jose CA,1,3,No,1,0.463625,24706,34880,9056076,1594251,0,Free,305,26888,58.98
*,Los Angeles CA,*,Seattle/Tacoma WA,1.08,3,No,1,0.390534,24706,30916,9056076,2230831,0,Free,957,28988,101.64
*,Los Angeles CA,*,St Louis MO,1.28,3,No,1,0.513801,24706,25824,9056076,2549844,0,free,1602,6165,210.16
*,Los Angeles CA,*,Tampa FL,1.61,3,Yes,0,0.3873,24706,23654,9056076,2195215,0,Free,2164,4065,224.21
*,Los Angeles CA,*,Tucson AZ,1.05,1,No,1,0.309874,24706,20375,9056076,766956,0,Free,447,12808,49.02
*,Los Angeles CA,DCA,Washington DC,1.33,3,No,0,0.36806,24706,31981,9056076,4549784,1,Free,2300,20007,303.82
*,Los Angeles CA,IAD,Washington DC,1.33,3,No,0,0.36806,24706,31981,9056076,4549784,0,Free,2300,20007,303.82
*,Memphis TN,EWR,New York/Newark NY,1.29,3,No,0,0.631755,24725,32991,1074558,8621121,0,Constrained,951,4614,234.31
*,Memphis TN,JFK,New York/Newark NY,1.29,3,No,0,0.631755,24725,32991,1074558,8621121,1,Free,951,4614,234.31
*,Memphis TN,LGA,New York/Newark NY,1.29,3,No,0,0.631755,24725,32991,1074558,8621121,1,free,951,4614,234.31
*,Miami FL,EWR,New York/Newark NY,1.05,3,Yes,0,0.304209,21207,32991,2105604,8621121,0,Constrained,1097,51122,124.92
*,Miami FL,JFK,New York/Newark NY,1.05,3,Yes,0,0.304209,21207,32991,2105604,8621121,1,Free,1097,51122,124.92
*,Miami FL,LGA,New York/Newark NY,1.05,3,Yes,0,0.304209,21207,32991,2105604,8621121,1,Free,1097,51122,124.92
*,Miami FL,*,Orlando FL,1,0,Yes,0,0.51497,21207,22360,2105604,1421287,0,Free,192,7967,96.53
*,Miami FL,*,Orlando FL,1,0,Yes,0,0.51497,21207,22360,2105604,1421287,0,Free,192,7967,96.53
*,Miami FL,*,Philadelphia/Camden PA,1.15,3,Yes,0,0.419114,21207,27994,2105604,4948339,0,free,1026,5725,152.67
*,Miami FL,*,San Francisco CA,1.43,3,Yes,0,0.40741,21207,38813,2105604,1653017,0,Free,2579,4583,261.67
*,Miami FL,*,Tallahassee FL,1.04,3,Yes,0,0.337537,21207,21002,2105604,258019,0,Free,399,2789,105.45
*,Miami FL,*,Tampa FL,1,3,Yes,0,0.579178,21207,23654,2105604,2195215,0,Free,194,7464,85.62
*,Miami FL,DCA,Washington DC,1.15,3,Yes,0,0.512124,21207,31981,2105604,4549784,1,free,924,9176,147.8
*,Miami FL,IAD,Washington DC,1.15,3,Yes,0,0.512124,21207,31981,2105604,4549784,0,free,924,9176,147.8
*,Minneapolis/St Paul MN,EWR,New York/Newark NY,1.15,3,No,0,0.61432,28739,32991,2761118,8621121,0,Constrained,1015,13123,278.39
*,Minneapolis/St Paul MN,JFK,New York/Newark NY,1.15,3,No,0,0.61432,28739,32991,2761118,8621121,1,Constrained,1015,13123,278.39
*,Minneapolis/St Paul MN,LGA,New York/Newark NY,1.15,3,No,0,0.61432,28739,32991,2761118,8621121,1,Constrained,1015,13123,278.39
*,Minneapolis/St Paul MN,*,Orlando FL,1.34,3,Yes,0,0.603784,28739,22360,2761118,1421287,0,Constrained,1308,4978,204.62
*,Minneapolis/St Paul MN,*,Philadelphia/Camden PA,1.18,3,No,0,0.736253,28739,27994,2761118,4948339,0,Constrained,979,4149,295.46
*,Minneapolis/St Paul MN,*,Phoenix AZ,1.12,0,No,0,0.431749,28739,23025,2761118,2753373,0,Constrained,1279,8730,195.91
*,Minneapolis/St Paul MN,*,San Diego CA,1.3,3,No,0,0.547207,28739,23903,2761118,2673620,0,Constrained,1532,3066,251.73
*,Minneapolis/St Paul MN,*,San Francisco CA,1.19,3,No,0,0.690215,28739,38813,2761118,1653017,0,Constrained,1589,8881,224.17
*,Minneapolis/St Paul MN,*,Seattle/Tacoma WA,1.13,3,No,0,0.784592,28739,30916,2761118,2230831,0,Constrained,1402,6907,186.96
*,Minneapolis/St Paul MN,*,St Louis MO,1.03,3,No,0,0.49011,28739,25824,2761118,2549844,0,Constrained,457,4826,202.77
*,Minneapolis/St Paul MN,DCA,Washington DC,1.19,3,No,0,0.796863,28739,31981,2761118,4549784,1,Constrained,916,8215,235.1
*,Minneapolis/St Paul MN,IAD,Washington DC,1.19,3,No,0,0.796863,28739,31981,2761118,4549784,0,Constrained,916,8215,235.1
*,Nashville TN,*,Baltimore/Wash Intl MD,1.12,3,No,1,0.447162,25995,29838,1115048,7145897,0,Free,587,5654,79.17
*,New Orleans LA,*,Baltimore/Wash Intl MD,1.29,3,No,1,0.435612,22038,29838,1308499,7145897,0,free,992,3525,132.05
*,New Orleans LA,EWR,New York/Newark NY,1.42,3,No,0,0.29951,22038,32991,1308499,8621121,0,Constrained,1173,10334,208.71
*,New Orleans LA,JFK,New York/Newark NY,1.42,3,No,0,0.29951,22038,32991,1308499,8621121,1,free,1173,10334,208.71
*,New Orleans LA,LGA,New York/Newark NY,1.42,3,No,0,0.29951,22038,32991,1308499,8621121,1,Free,1173,10334,208.71
*,New Orleans LA,*,Orlando FL,1.3,3,Yes,1,0.242461,22038,22360,1308499,1421287,0,free,541,5057,92.35
*,New Orleans LA,DCA,Washington DC,1.46,3,No,0,0.294623,22038,31981,1308499,4549784,1,Free,956,6208,164.3
*,New Orleans LA,IAD,Washington DC,1.46,3,No,0,0.294623,22038,31981,1308499,4549784,0,Free,956,6208,164.3
EWR,New York/Newark NY,*,Baltimore/Wash Intl MD,1,3,No,0,0.26269,32991,29838,8621121,7145897,0,Constrained,,7171,117.23
JFK,New York/Newark NY,*,Baltimore/Wash Intl MD,1,3,No,0,0.26269,32991,29838,8621121,7145897,1,Free,181,7171,117.23
LGA,New York/Newark NY,*,Baltimore/Wash Intl MD,1,3,No,0,0.26269,32991,29838,8621121,7145897,1,Free,181,7171,117.23
EWR,New York/Newark NY,*,Buffalo NY,1.01,3,No,0,0.404009,32991,23184,8621121,1173217,0,Constrained,291,12432,134.3
JFK,New York/Newark NY,*,Buffalo NY,1.01,3,No,0,0.404009,32991,23184,8621121,1173217,1,free,291,12432,134.3
LGA,New York/Newark NY,*,Buffalo NY,1.01,3,No,0,0.404009,32991,23184,8621121,1173217,1,free,291,12432,134.3
EWR,New York/Newark NY,*,Charleston SC,1.34,1,No,0,0.258789,32991,18851,8621121,254153,0,Constrained,637,6003,118.95
JFK,New York/Newark NY,*,Charleston SC,1.34,0,No,0,0.258789,32991,18851,8621121,254153,1,Free,637,6003,118.95
LGA,New York/Newark NY,*,Charleston SC,1.34,3,No,0,0.258789,32991,18851,8621121,254153,1,Free,637,6003,118.95
EWR,New York/Newark NY,*,Charlotte NC,1.12,3,No,0,0.871403,32991,25237,8621121,1318892,0,Constrained,539,9305,250.73
JFK,New York/Newark NY,*,Charlotte NC,1.12,3,No,0,0.871403,32991,25237,8621121,1318892,1,Constrained,539,9305,250.73
LGA,New York/Newark NY,*,Charlotte NC,1.12,3,No,0,0.871403,32991,25237,8621121,1318892,1,Constrained,539,9305,250.73
EWR,New York/Newark NY,*,Colorado Springs CO,1.36,3,No,0,0.242104,32991,22263,8621121,472254,0,Constrained,1636,5185,154.74
JFK,New York/Newark NY,*,Colorado Springs CO,1.36,3,No,0,0.242104,32991,22263,8621121,472254,1,Free,1636,5185,154.74
LGA,New York/Newark NY,*,Colorado Springs CO,1.36,3,No,0,0.242104,32991,22263,8621121,472254,1,free,1636,5185,154.74
EWR,New York/Newark NY,*,Greensboro/High Pt NC,1.07,3,No,0,0.484048,32991,24348,8621121,111745,0,Constrained,457,7574,180.85
JFK,New York/Newark NY,*,Greensboro/High Pt NC,1.07,3,No,0,0.484048,32991,24348,8621121,111745,1,Free,457,7574,180.85
LGA,New York/Newark NY,*,Greensboro/High Pt NC,1.07,3,No,0,0.484048,32991,24348,8621121,111745,1,free,457,7574,180.85
EWR,New York/Newark NY,*,Indianapolis IN,1.27,3,No,0,0.354334,32991,25475,8621121,1489247,0,Constrained,657,7109,195.64
JFK,New York/Newark NY,*,Indianapolis IN,1.27,0,No,0,0.354334,32991,25475,8621121,1489247,1,Free,657,7109,195.64
LGA,New York/Newark NY,*,Indianapolis IN,1.27,3,No,0,0.354334,32991,25475,8621121,1489247,1,Free,657,7109,195.64
EWR,New York/Newark NY,*,Milwaukee WI,1.29,1,No,0,0.610857,32991,26695,8621121,1646147,0,Constrained,,6590,190.09
JFK,New York/Newark NY,*,Milwaukee WI,1.29,3,No,0,0.610857,32991,26695,8621121,1646147,1,Free,736,6590,190.09
LGA,New York/Newark NY,*,Milwaukee WI,1.29,3,No,0,0.610857,32991,26695,8621121,1646147,1,Free,736,6590,190.09
EWR,New York/Newark NY,*,Nashville TN,1.26,3,No,0,0.364727,32991,25995,8621121,1115048,0,Constrained,,7387,215.01
JFK,New York/Newark NY,*,Nashville TN,1.26,3,No,0,0.364727,32991,25995,8621121,1115048,1,Free,760,7387,215.01
LGA,New York/Newark NY,*,Nashville TN,1.26,3,No,0,0.364727,32991,25995,8621121,1115048,1,Free,760,7387,215.01
EWR,New York/Newark NY,*,Orlando FL,1.08,3,Yes,0,0.238685,32991,22360,8621121,1421287,0,Constrained,947,54990,123.97
JFK,New York/Newark NY,*,Orlando FL,1.08,3,Yes,0,0.238685,32991,22360,8621121,1421287,1,Free,947,54990,123.97
LGA,New York/Newark NY,*,Orlando FL,1.08,3,Yes,0,0.238685,32991,22360,8621121,1421287,1,Free,947,54990,123.97
EWR,New York/Newark NY,*,Phoenix AZ,1.39,3,No,0,0.28929,32991,23025,8621121,2753373,0,Constrained,2148,14830,273.12
JFK,New York/Newark NY,*,Phoenix AZ,1.39,3,No,0,0.28929,32991,23025,8621121,2753373,1,free,2148,14830,273.12
LGA,New York/Newark NY,*,Phoenix AZ,1.39,3,No,0,0.28929,32991,23025,8621121,2753373,1,free,2148,14830,273.12
EWR,New York/Newark NY,*,Pittsburgh PA,1.02,3,No,0,0.589874,32991,25054,8621121,2374260,0,Constrained,325,13957,169.9
EWR,New York/Newark NY,*,Pittsburgh PA,1.02,3,No,0,0.589874,32991,25054,8621121,2374260,0,Constrained,325,13957,169.9
JFK,New York/Newark NY,*,Pittsburgh PA,1.02,3,No,0,0.589874,32991,25054,8621121,2374260,1,Constrained,325,13957,169.9
LGA,New York/Newark NY,*,Pittsburgh PA,1.02,3,No,0,0.589874,32991,25054,8621121,2374260,1,Constrained,325,13957,169.9
EWR,New York/Newark NY,*,Portland OR,1.77,1,No,0,0.254846,32991,26409,8621121,249561,0,Constrained,2444,4455,302.33
JFK,New York/Newark NY,*,Portland OR,1.77,3,No,0,0.254846,32991,26409,8621121,249561,1,Free,2444,4455,302.33
LGA,New York/Newark NY,*,Portland OR,1.77,3,No,0,0.254846,32991,26409,8621121,249561,1,Free,2444,4455,302.33
EWR,New York/Newark NY,*,Providence RI,1,3,No,0,0.444976,32991,24205,8621121,905329,0,Constrained,147,4158,106.29
JFK,New York/Newark NY,*,Providence RI,1,3,No,0,0.444976,32991,24205,8621121,905329,1,Free,147,4158,106.29
LGA,New York/Newark NY,*,Providence RI,1,3,No,0,0.444976,32991,24205,8621121,905329,1,Free,147,4158,106.29
EWR,New York/Newark NY,*,Raleigh/Durham NC,1.06,3,No,0,0.347423,32991,26101,8621121,1021830,0,Constrained,426,12883,154.73
JFK,New York/Newark NY,*,Raleigh/Durham NC,1.06,3,No,0,0.347423,32991,26101,8621121,1021830,1,free,426,12883,154.73
LGA,New York/Newark NY,*,Raleigh/Durham NC,1.06,3,No,0,0.347423,32991,26101,8621121,1021830,1,free,426,12883,154.73
EWR,New York/Newark NY,*,Richmond (Intl) VA,1.04,3,No,0,0.500645,32991,26553,8621121,936107,0,Constrained,287,4472,218.54
JFK,New York/Newark NY,*,Richmond (Intl) VA,1.04,3,No,0,0.500645,32991,26553,8621121,936107,1,Free,287,4472,218.54
LGA,New York/Newark NY,*,Richmond (Intl) VA,1.04,3,No,0,0.500645,32991,26553,8621121,936107,1,Free,287,4472,218.54
EWR,New York/Newark NY,*,Rochester NY,1.01,3,No,0,0.342864,32991,26044,8621121,113091,0,Constrained,254,8469,127.38
JFK,New York/Newark NY,*,Rochester NY,1.01,3,No,0,0.342864,32991,26044,8621121,113091,1,Free,254,8469,127.38
LGA,New York/Newark NY,*,Rochester NY,1.01,3,No,0,0.342864,32991,26044,8621121,113091,1,Free,254,8469,127.38
EWR,New York/Newark NY,*,Salt Lake City UT,1.64,1,No,0,0.38635,32991,21121,8621121,1228816,0,Constrained,1982,4739,259.32
JFK,New York/Newark NY,*,Salt Lake City UT,1.64,3,No,0,0.38635,32991,21121,8621121,1228816,1,Free,1982,4739,259.32
LGA,New York/Newark NY,*,Salt Lake City UT,1.64,3,No,0,0.38635,32991,21121,8621121,1228816,1,Free,1982,4739,259.32
EWR,New York/Newark NY,*,San Antonio TX,1.78,3,No,0,0.290597,32991,21276,8621121,1481709,0,Constrained,1577,3732,273.53
JFK,New York/Newark NY,*,San Antonio TX,1.78,3,No,0,0.290597,32991,21276,8621121,1481709,1,free,1577,3732,273.53
LGA,New York/Newark NY,*,San Antonio TX,1.78,3,No,0,0.290597,32991,21276,8621121,1481709,1,Free,1577,3732,273.53
EWR,New York/Newark NY,*,San Diego CA,1.57,1,No,0,0.23136,32991,23903,8621121,2673620,0,Constrained,2433,9343,299.17
JFK,New York/Newark NY,*,San Diego CA,1.57,3,No,0,0.23136,32991,23903,8621121,2673620,1,Free,2433,9343,299.17
LGA,New York/Newark NY,*,San Diego CA,1.57,3,No,0,0.23136,32991,23903,8621121,2673620,1,Free,2433,9343,299.17
EWR,New York/Newark NY,*,San Francisco CA,1.24,3,No,0,0.336286,32991,38813,8621121,1653017,0,Constrained,2574,41492,374.4
JFK,New York/Newark NY,*,San Francisco CA,1.24,3,No,0,0.336286,32991,38813,8621121,1653017,1,Free,2574,41492,374.4
LGA,New York/Newark NY,*,San Francisco CA,1.24,3,No,0,0.336286,32991,38813,8621121,1653017,1,Free,2574,41492,374.4
EWR,New York/Newark NY,*,Sarasota/Bradenton FL,1.37,3,Yes,0,0.378729,32991,30460,8621121,528868,0,Constrained,1042,4028,137.25
JFK,New York/Newark NY,*,Sarasota/Bradenton FL,1.37,3,Yes,0,0.378729,32991,30460,8621121,528868,1,free,1042,4028,137.25
LGA,New York/Newark NY,*,Sarasota/Bradenton FL,1.37,1,Yes,0,0.378729,32991,30460,8621121,528868,1,Free,1042,4028,137.25
EWR,New York/Newark NY,*,Seattle/Tacoma WA,1.52,1,No,0,0.201998,32991,30916,8621121,2230831,0,Constrained,2411,10125,289.25
JFK,New York/Newark NY,*,Seattle/Tacoma WA,1.52,1,No,0,0.201998,32991,30916,8621121,2230831,1,Free,2411,10125,289.25
LGA,New York/Newark NY,*,Seattle/Tacoma WA,1.52,3,No,0,0.201998,32991,30916,8621121,2230831,1,Free,2411,10125,289.25
EWR,New York/Newark NY,*,St Louis MO,1.16,3,No,0,0.627561,32991,25824,8621121,2549844,0,Constrained,877,10816,261.63
JFK,New York/Newark NY,*,St Louis MO,1.16,3,No,0,0.627561,32991,25824,8621121,2549844,1,Free,877,10816,261.63
LGA,New York/Newark NY,*,St Louis MO,1.16,3,No,0,0.627561,32991,25824,8621121,2549844,1,Free,877,10816,261.63
EWR,New York/Newark NY,*,Syracuse NY,1,3,No,0,0.280692,32991,22069,8621121,743633,0,Constrained,,5275,120.84
JFK,New York/Newark NY,*,Syracuse NY,1,3,No,0,0.280692,32991,22069,8621121,743633,1,Free,195,5275,120.84
LGA,New York/Newark NY,*,Syracuse NY,1,3,No,0,0.280692,32991,22069,8621121,743633,1,Free,196,5275,120.84
EWR,New York/Newark NY,*,Tampa FL,1.1,0,Yes,0,0.242298,32991,23654,8621121,2195215,0,Constrained,,27103,123.89
JFK,New York/Newark NY,*,Tampa FL,1.1,3,Yes,0,0.242298,32991,23654,8621121,2195215,1,Free,1009,27103,123.89
LGA,New York/Newark NY,*,Tampa FL,1.1,3,Yes,0,0.242298,32991,23654,8621121,2195215,1,Free,1009,27103,123.89
EWR,New York/Newark NY,DCA,Washington DC,1,3,No,0,0.248789,32991,31981,8621121,4549784,1,Constrained,217,63690,114.35
JFK,New York/Newark NY,DCA,Washington DC,1,3,No,0,0.248789,32991,31981,8621121,4549784,1,Free,217,63690,114.35
LGA,New York/Newark NY,DCA,Washington DC,1,3,No,0,0.248789,32991,31981,8621121,4549784,1,Free,217,63690,114.35
EWR,New York/Newark NY,IAD,Washington DC,1,3,No,0,0.248789,32991,31981,8621121,4549784,0,Constrained,217,63690,114.35
JFK,New York/Newark NY,IAD,Washington DC,1,3,No,0,0.248789,32991,31981,8621121,4549784,1,Free,217,63690,114.35
LGA,New York/Newark NY,IAD,Washington DC,1,1,No,0,0.248789,32991,31981,8621121,4549784,1,Free,217,63690,114.35
EWR,New York/Newark NY,*,West Palm Beach FL,1.08,0,Yes,0,0.22167,32991,37375,8621121,991717,0,Constrained,,34324,129.63
JFK,New York/Newark NY,*,West Palm Beach FL,1.08,3,Yes,0,0.22167,32991,37375,8621121,991717,1,Free,1030,34324,129.63
LGA,New York/Newark NY,*,West Palm Beach FL,1.08,3,Yes,0,0.22167,32991,37375,8621121,991717,1,Free,1030,34324,129.63
*,Norfolk/Va B/Pt/Ch VA,EWR,New York/Newark NY,1.02,3,No,0,0.358586,21125,32991,1536012,8621121,0,Constrained,291,6295,150.13
*,Norfolk/Va B/Pt/Ch VA,JFK,New York/Newark NY,1.02,0,No,0,0.358586,21125,32991,1536012,8621121,1,Free,291,6295,150.13
*,Norfolk/Va B/Pt/Ch VA,LGA,New York/Newark NY,1.02,3,No,0,0.358586,21125,32991,1536012,8621121,1,Free,291,6295,150.13
*,Oakland CA,*,Phoenix AZ,1.03,3,No,1,0.478755,29846,23025,2237227,2753373,0,Free,638,8271,84.15
*,Oakland CA,*,Portland OR,1.01,3,No,1,0.528156,29846,26409,2237227,249561,0,free,543,10016,63.76
*,Oakland CA,*,Reno NV,1,3,Yes,1,1,29846,29284,2237227,298680,0,Free,180,5220,47.85
*,Oakland CA,*,Salt Lake City UT,1,1,No,1,0.521838,29846,21121,2237227,1228816,0,Free,586,6460,69.95
*,Oakland CA,*,San Diego CA,1.02,3,No,1,0.958809,29846,23903,2237227,2673620,0,Free,448,16226,57.29
*,Oakland CA,*,Seattle/Tacoma WA,1.02,3,No,1,0.532885,29846,30916,2237227,2230831,0,Free,677,17497,63.06
*,Omaha NE,*,Phoenix AZ,1.34,3,No,1,0.344298,25127,23025,679984,2753373,0,Free,1031,5953,81.32
*,Orlando FL,*,Baltimore/Wash Intl MD,1.13,3,Yes,1,0.570676,22360,29838,1421287,7145897,0,Free,788,11013,106.11
*,Orlando FL,*,Indianapolis IN,1.24,3,Yes,1,0.300948,22360,25475,1421287,1489247,0,Free,828,7675,97.36
*,Orlando FL,*,Milwaukee WI,1.49,3,Yes,0,0.298542,22360,26695,1421287,1646147,0,free,1066,6935,104.87
*,Orlando FL,*,Nashville TN,1.17,1,Yes,1,0.217345,22360,25995,1421287,1115048,0,Free,615,6224,87.8
*,Orlando FL,*,Philadelphia/Camden PA,1.14,3,Yes,0,0.533532,22360,27994,1421287,4948339,0,free,872,17853,114.28
*,Orlando FL,*,Phoenix AZ,1.78,3,Yes,1,0.227524,22360,23025,1421287,2753373,0,Free,1851,4099,162.53
*,Orlando FL,*,Pittsburgh PA,1.23,3,Yes,0,0.616633,22360,25054,1421287,2374260,0,Constrained,831,7121,122.62
*,Orlando FL,*,Providence RI,1.55,2,Yes,0,0.308727,22360,24205,1421287,905329,0,Free,1075,4771,108.96
*,Orlando FL,*,San Antonio TX,1.6,2,Yes,1,0.236636,22360,21276,1421287,1481709,0,free,1032,2978,118.17
*,Orlando FL,*,San Francisco CA,1.66,3,Yes,0,0.263887,22360,38813,1421287,1653017,0,Free,2443,4799,261.74
*,Orlando FL,*,Seattle/Tacoma WA,1.88,3,Yes,0,0.201246,22360,30916,1421287,2230831,0,Free,2553,3183,238.73
*,Orlando FL,*,St Louis MO,1.29,3,Yes,1,0.470844,22360,25824,1421287,2549844,0,Free,869,6082,142.98
*,Orlando FL,*,Syracuse NY,1.55,3,Yes,0,0.350311,22360,22069,1421287,743633,0,Free,1054,3861,119.9
*,Orlando FL,DCA,Washington DC,1.15,3,Yes,0,0.308134,22360,31981,1421287,4549784,1,Free,760,14683,125.8
*,Orlando FL,IAD,Washington DC,1.15,1,Yes,0,0.308134,22360,31981,1421287,4549784,0,Free,760,14683,125.8
*,Philadelphia/Camden PA,*,Phoenix AZ,1.55,3,No,0,0.312759,27994,23025,4948339,2753373,0,Free,2083,3891,291.78
*,Philadelphia/Camden PA,*,Pittsburgh PA,1.02,0,No,0,0.993507,27994,25054,4948339,2374260,0,Constrained,264,9515,134.09
*,Philadelphia/Camden PA,*,Raleigh/Durham NC,1.02,3,No,0,0.531736,27994,26101,4948339,1021830,0,free,346,4288,144.86
*,Philadelphia/Camden PA,*,San Francisco CA,1.41,3,No,0,0.351697,27994,38813,4948339,1653017,0,free,2523,8081,326.76
*,Philadelphia/Camden PA,*,Tampa FL,1.15,3,Yes,0,0.617224,27994,23654,4948339,2195215,0,Free,932,8064,122.99
*,Philadelphia/Camden PA,*,West Palm Beach FL,1.17,3,Yes,0,0.67978,27994,37375,4948339,991717,0,free,960,6016,124.87
*,Phoenix AZ,*,Baltimore/Wash Intl MD,1.86,3,No,1,0.123048,23025,29838,2753373,7145897,0,free,2001,4408,181.16
*,Phoenix AZ,*,Colorado Springs CO,1.09,3,No,0,0.435131,23025,22263,2753373,472254,0,free,550,7599,77.98
*,Phoenix AZ,*,Indianapolis IN,1.27,3,No,1,0.344675,23025,25475,2753373,1489247,0,Free,1491,5100,138.08
*,Phoenix AZ,*,Milwaukee WI,1.36,3,No,0,0.314668,23025,26695,2753373,1646147,0,Free,1461,4879,154.06
*,Phoenix AZ,*,Portland OR,1.31,3,No,1,0.271038,23025,26409,2753373,249561,0,free,1001,8292,114.95
*,Phoenix AZ,*,Reno NV,1.07,3,Yes,1,0.486036,23025,29284,2753373,298680,0,free,592,4517,72.42
*,Phoenix AZ,*,Sacramento CA,1.1,3,No,1,0.445067,23025,24236,2753373,1481076,0,free,629,7007,78.67
*,Phoenix AZ,*,Salt Lake City UT,1.01,3,No,1,0.357078,23025,21121,2753373,1228816,0,Free,495,12447,73.69
*,Phoenix AZ,*,San Diego CA,1.01,3,No,1,0.591884,23025,23903,2753373,2673620,0,Free,295,20653,50.1
*,Phoenix AZ,*,San Francisco CA,1.03,3,No,1,0.340575,23025,38813,2753373,1653017,0,Free,646,14400,85.52
*,Phoenix AZ,*,San Jose CA,1.05,3,No,1,0.510801,23025,34880,2753373,1594251,0,Free,614,10131,92.57
*,Phoenix AZ,*,Seattle/Tacoma WA,1.22,3,No,1,0.296301,23025,30916,2753373,2230831,0,Free,1103,13153,110
*,Phoenix AZ,*,St Louis MO,1.07,3,No,1,0.350322,23025,25824,2753373,2549844,0,free,1272,5830,137.2
*,Phoenix AZ,DCA,Washington DC,1.58,3,No,0,0.229523,23025,31981,2753373,4549784,1,free,1970,5190,279.83
*,Phoenix AZ,IAD,Washington DC,1.58,3,No,0,0.229523,23025,31981,2753373,4549784,0,free,1970,5190,279.83
*,Phoenix AZ,,,NA,NA,,NA,#VALUE!,23025,25824,2753373,2549844,NA,,NA,NA,NA
*,Pittsburgh PA,*,Tampa FL,1.29,3,Yes,0,0.710501,25054,23654,2374260,2195215,0,Constrained,874,4715,119.84
*,Portland OR,*,Reno NV,1.06,3,Yes,1,0.529651,26409,29284,249561,298680,0,Free,444,9368,44.89
*,Sacramento CA,*,Portland OR,1.04,3,No,1,0.519885,24236,26409,1481076,249561,0,Free,485,7070,65.8
*,Sacramento CA,*,Salt Lake City UT,1.05,1,No,1,0.605065,24236,21121,1481076,1228816,0,Free,525,4176,72.22
*,Salt Lake City UT,*,Baltimore/Wash Intl MD,1.93,3,No,1,0.200067,21121,29838,1228816,7145897,0,Free,1866,2767,157.5
*,Salt Lake City UT,*,Portland OR,1.03,3,No,1,0.568053,21121,26409,1228816,249561,0,free,633,6602,79.48
*,San Diego CA,*,Baltimore/Wash Intl MD,1.87,3,No,1,0.157293,23903,29838,2673620,7145897,0,Free,2290,3170,200.2
*,San Diego CA,*,Portland OR,1.26,3,No,1,0.487668,23903,26409,2673620,249561,0,Free,933,6302,96.58
*,San Diego CA,*,Reno NV,1.15,3,Yes,1,0.555056,23903,29284,2673620,298680,0,free,488,3958,68.59
*,San Diego CA,*,Sacramento CA,1.02,3,No,1,0.913073,23903,24236,2673620,1481076,0,Free,472,15062,57.57
*,San Diego CA,*,Salt Lake City UT,1.06,3,No,1,0.519361,23903,21121,2673620,1228816,0,Free,617,6671,65.91
*,San Diego CA,*,San Jose CA,1,3,No,1,0.495627,23903,34880,2673620,1594251,0,Free,419,17034,63.39
*,San Diego CA,*,Tucson AZ,1.17,3,No,1,0.6167,23903,20375,2673620,766956,0,Free,358,4307,54.96
*,San Diego CA,DCA,Washington DC,1.57,3,No,0,0.332981,23903,31981,2673620,4549784,1,Free,2259,6724,273.83
*,San Diego CA,IAD,Washington DC,1.57,3,No,0,0.332981,23903,31981,2673620,4549784,0,Free,2259,6724,273.83
*,San Francisco CA,*,Baltimore/Wash Intl MD,1.52,3,No,0,0.296759,38813,29838,1653017,7145897,0,Free,2454,6417,246.85
*,San Francisco CA,*,Honolulu (Intl) HI,1.04,3,Yes,0,0.244714,38813,26681,1653017,873131,0,Free,2401,19055,177.09
*,San Francisco CA,*,Indianapolis IN,1.71,3,No,0,0.189237,38813,25475,1653017,1489247,0,Free,1941,3814,157.45
*,San Francisco CA,*,Portland OR,1.01,3,No,0,0.514417,38813,26409,1653017,249561,0,Free,542,13527,68.41
*,San Francisco CA,*,Salt Lake City UT,1.02,3,No,0,0.449165,38813,21121,1653017,1228816,0,free,593,6213,85.19
*,San Francisco CA,*,San Diego CA,1.02,3,No,1,0.510183,38813,23903,1653017,2673620,0,free,455,27906,58.68
*,San Francisco CA,DCA,Washington DC,1.37,3,No,0,0.686577,38813,31981,1653017,4549784,1,Free,2428,17938,347.82
*,San Francisco CA,IAD,Washington DC,1.37,3,No,0,0.686577,38813,31981,1653017,4549784,0,Free,2428,17938,347.82
*,San Jose CA,*,Portland OR,1,3,No,1,0.473096,34880,26409,1594251,249561,0,Free,569,11593,65.84
,,,,NA,NA,,0,NA,NA,NA,NA,NA,NA,,NA,471500,NA
*,San Jose CA,*,Reno NV,1,3,Yes,1,0.545419,34880,29284,1594251,298680,0,free,188,6394,42.47
*,Seattle/Tacoma WA,*,Boise ID,1.07,3,No,1,0.525524,30916,23901,2230831,372606,0,Free,403,5995,69.12
*,Seattle/Tacoma WA,*,Honolulu (Intl) HI,1.29,3,Yes,0,0.333311,30916,26681,2230831,873131,0,Free,2679,6464,221.89
*,Seattle/Tacoma WA,*,Portland OR,1,0,No,0,0.63974,30916,26409,2230831,249561,0,Free,135,11415,88.46
*,Seattle/Tacoma WA,*,Reno NV,1.02,3,Yes,1,0.380274,30916,29284,2230831,298680,0,Free,569,14609,45.11
*,Seattle/Tacoma WA,*,Sacramento CA,1.03,3,No,1,0.588977,30916,24236,2230831,1481076,0,free,618,10303,64.39
*,Seattle/Tacoma WA,*,Salt Lake City UT,1.03,3,No,1,0.513588,30916,21121,2230831,1228816,0,Free,696,9201,78.3
*,Seattle/Tacoma WA,*,San Diego CA,1.26,3,No,1,0.558872,30916,23903,2230831,2673620,0,free,1056,11396,100.8
*,Seattle/Tacoma WA,*,San Francisco CA,1.02,3,No,0,0.512422,30916,38813,2230831,1653017,0,Free,676,20727,81.28
*,Seattle/Tacoma WA,*,San Jose CA,1.02,3,No,1,0.520165,30916,34880,2230831,1594251,0,Free,702,15072,63.3
*,Seattle/Tacoma WA,*,Spokane WA,1,3,No,1,0.555201,30916,21300,2230831,403939,0,Free,225,16507,51.3
*,Seattle/Tacoma WA,DCA,Washington DC,1.55,3,No,0,0.435851,30916,31981,2230831,4549784,1,free,2317,7614,281.06
*,Seattle/Tacoma WA,IAD,Washington DC,1.55,3,No,0,0.435851,30916,31981,2230831,4549784,0,Free,2317,7614,281.06
*,Spokane WA,*,Portland OR,1.01,3,No,1,0.502072,21300,26409,403939,249561,0,Free,281,6760,50.38
*,St Louis MO,*,Baltimore/Wash Intl MD,1.14,3,No,1,0.419124,25824,29838,2549844,7145897,0,Free,729,10264,99.7
*,St Louis MO,*,Tampa FL,1.19,3,Yes,1,0.413663,25824,23654,2549844,2195215,0,free,865,4749,135.76
*,St Louis MO,DCA,Washington DC,1.14,3,No,0,0.811712,25824,31981,2549844,4549784,1,Free,699,4957,258.37
*,St Louis MO,IAD,Washington DC,1.14,3,No,0,0.811712,25824,31981,2549844,4549784,0,Free,699,4957,258.37
*,Tampa FL,*,Baltimore/Wash Intl MD,1.13,3,Yes,1,0.520134,23654,29838,2195215,7145897,0,free,846,7082,106.77
*,Tampa FL,*,Indianapolis IN,1.28,3,Yes,1,0.307653,23654,25475,2195215,1489247,0,Free,844,5160,99.43
*,Tampa FL,DCA,Washington DC,1.24,3,Yes,0,0.458005,23654,31981,2195215,4549784,1,Free,815,8413,132.94
*,Tampa FL,IAD,Washington DC,1.24,3,Yes,0,0.458005,23654,31981,2195215,4549784,0,free,815,8413,132.94
DCA,Washington DC,*,Colorado Springs CO,1.68,3,No,0,0.266153,31981,22263,4549784,472254,1,free,1476,4945,157.2
IAD,Washington DC,*,Colorado Springs CO,1.68,3,No,0,0.266153,31981,22263,4549784,472254,0,free,1476,4945,157.2
DCA,Washington DC,*,Raleigh/Durham NC,1.01,3,No,0,0.326644,31981,26101,4549784,1021830,1,Free,225,7241,109.44
IAD,Washington DC,*,Raleigh/Durham NC,1.01,3,No,0,0.326644,31981,26101,4549784,1021830,0,free,225,7241,109.44
DCA,Washington DC,*,West Palm Beach FL,1.28,3,Yes,0,0.556643,31981,37375,4549784,991717,1,Free,858,4877,129.62
IAD,Washington DC,*,West Palm Beach FL,1.28,3,Yes,0,0.556643,31981,37375,4549784,991717,0,free,858,4877,129.62
